id,Z_2,cal_int,food_exp,rice_exp,other_food_exp
1,1,600.1270899,150.7971477,30.5612389,120.2359088
2,0,602.3819525,102.4571695,42.16210706,60.29506248
3,1,600.1002355,152.3341967,31.58725536,120.7469414
4,0,600.4875604,133.4878459,55.77980394,77.70804196
5,0,600.2521261,113.7799064,50.91466147,62.86524489
6,1,608.3445956,154.8723426,30.58432656,124.288016
7,0,626.0178413,101.0131921,40.18837591,60.82481619
8,0,600.2667127,102.2275117,42.10407879,60.12343289
9,1,606.7353963,153.0217721,30.12722076,122.8945513
10,1,687.8627625,153.0378445,32.30323632,120.7346082
11,0,603.6296404,101.9909874,40.48626466,61.50472276
12,1,603.5783107,160.5165068,36.26091052,124.2555963
13,1,608.9695624,157.1854367,34.37866533,122.8067713
14,0,600.4663129,110.7940422,50.7488987,60.04514355
15,1,600.0823685,150.4941508,30.45483947,120.0393114
16,0,607.0237243,133.4671548,60.58822831,72.87892654
17,1,600.6028182,150.5188738,30.33249389,120.1863799
18,0,601.1551517,100.3837408,40.15787785,60.22586291
19,0,600.1406987,101.3811675,41.19422621,60.18694127
20,1,600.003145,152.4368654,32.02997255,120.4068929
21,1,605.8393119,157.0096419,36.63323207,120.3764099
22,0,602.0404609,102.4963633,42.13284088,60.36352245
23,0,600.6293625,100.5435449,40.31203448,60.23151039
24,1,600.0216632,162.6118229,33.86180099,128.7500219
25,1,601.0860076,154.4581773,30.26469533,124.193482
26,0,600.178233,108.3438579,45.6428317,62.70102621
27,1,600.1918719,152.200815,31.77467709,120.4261379
28,1,609.2271627,152.0656254,31.57484505,120.4907804
29,0,608.9936823,100.7701808,40.27263237,60.49754841
30,0,602.5029297,101.3262185,40.37786133,60.94835716
31,0,600.4664792,105.5718464,45.09454189,60.47730449
32,1,601.2348722,160.0201209,31.89438141,128.1257395
33,0,600.4518218,100.6855675,40.47079335,60.21477414
34,0,600.1100444,102.7617272,41.43381352,61.32791368
35,0,600.3498224,112.2115825,49.27274639,62.93883616
36,0,601.6979656,101.5537725,40.54205523,61.01171731
37,0,601.5633898,142.0574087,40.07801375,101.979395
38,1,601.491493,153.3071562,32.53256631,120.7745899
39,1,947.4278269,151.198865,31.08295078,120.1159142
40,1,600.0054665,150.6368748,30.33842665,120.2984482
41,1,600.0158139,154.785487,30.3574312,124.4280558
42,0,604.3331099,108.6664147,41.16546123,67.50095351
43,1,600.9792626,151.4758441,30.93064982,120.5451942
44,0,601.931931,101.2383943,41.13743778,60.10095656
45,0,600.1159103,108.7490612,40.71825231,68.03080891
46,0,600.0103979,103.4760279,42.39210279,61.08392512
47,1,601.4832146,151.1562578,30.24559177,120.910666
48,0,603.1410911,100.5160938,40.29771729,60.21837651
49,1,600.0107948,166.4387222,45.46399194,120.9747303
50,1,618.6306929,157.0994103,35.16459585,121.9348144
51,1,630.1924347,155.8633938,30.48974131,125.3736525
52,1,600.536678,151.5725317,30.16624462,121.4062871
53,1,615.6177979,151.5868195,30.01298591,121.5738336
54,0,600.7642359,111.2551341,44.05277578,67.20235829
55,0,601.2505517,101.6798535,41.31185928,60.36799417
56,1,604.5531454,152.1113426,31.75778156,120.353561
57,0,600.8177581,101.7455925,41.29721487,60.44837762
58,1,607.593027,152.1040736,30.88910419,121.2149694
59,1,600.2720653,156.4778332,35.10370582,121.3741274
60,1,600.037654,153.137134,31.94089818,121.1962358
61,1,601.4164765,162.8822031,33.06966471,129.8125384
62,0,768.2924634,102.012438,41.00333196,61.00910606
63,1,602.7734038,155.07627,33.14859888,121.9276711
64,1,601.6694736,153.3044539,31.67077062,121.6336832
65,0,600.0035808,102.3101924,41.36004346,60.95014895
66,0,600.243288,104.488544,41.71688597,62.771658
67,1,610.7567546,154.3779181,33.3623521,121.015566
68,0,600.3937607,114.0645447,40.18003189,73.88451279
69,0,600.6886435,100.4198098,40.05689711,60.36291271
70,1,600.7941013,154.8873412,32.42586494,122.4614762
71,0,600.2378199,105.4937119,40.61504963,64.87866225
72,0,600.0074238,100.482136,40.06900854,60.41312745
73,1,611.3397408,152.7594993,32.30126827,120.458231
74,1,600.1681334,153.2575239,30.3780882,122.8794357
75,0,600.0227555,104.0127332,43.15155998,60.86117322
76,0,600.1794588,102.0627976,41.74704478,60.31575282
77,1,601.0300413,160.1927759,33.26728156,126.9254943
78,1,600.7474503,150.193195,30.06240352,120.1307915
79,1,600.8998126,150.7645418,30.1681293,120.5964125
80,1,606.7243791,155.8157098,34.38474737,121.4309624
81,1,600.1627992,150.7701291,30.72509523,120.0450339
82,1,600.8440926,172.0942254,49.0960163,122.9982091
83,0,600.0427367,103.4363229,40.76431804,62.67200488
84,0,601.677375,102.1912454,40.04454465,62.14670076
85,1,630.2963312,153.1617336,32.87530176,120.2864318
86,1,617.3292301,155.6817541,30.3043783,125.3773758
87,1,608.9975205,165.4443782,43.10274996,122.3416282
88,1,607.572379,168.406952,45.92124104,122.4857109
89,0,609.5433517,119.0675948,48.14497155,70.92262321
90,0,631.8472469,102.2975939,41.52690558,60.7706883
91,1,600.0564897,163.7525651,30.35453288,133.3980322
92,1,2605.051741,151.6817132,31.03665024,120.645063
93,0,602.1617786,104.4102212,40.43099198,63.97922924
94,1,1334.743585,152.3671786,30.34520351,122.0219751
95,0,820.7167247,101.0164113,40.14106101,60.87535027
96,1,612.9859701,151.8351191,31.33033138,120.5047877
97,1,600.1683702,154.863982,34.17161929,120.6923627
98,0,603.930948,101.7140207,41.48936552,60.22465515
99,0,600.7961161,101.8306107,40.35349141,61.47711933
100,1,600.809126,153.6791541,31.76082119,121.9183329
101,0,1778.852754,123.99927,42.97436388,81.02490608
102,0,602.6296487,101.7946124,41.47455435,60.32005801
103,0,601.0934988,104.2706044,43.34963765,60.92096674
104,1,601.2691007,150.3450074,30.10133231,120.2436751
105,0,600.0091804,101.2569585,40.91518594,60.34177253
106,1,600.123477,150.6988062,30.38416291,120.3146433
107,1,600.0187333,152.9359669,32.28954702,120.6464199
108,1,605.468602,184.2900517,38.21219356,146.0778581
109,1,601.1035235,156.7608323,32.15561758,124.6052147
110,0,600.0591449,106.0298593,42.69316926,63.33669001
111,1,647.2832958,150.7578126,30.45897353,120.2988391
112,0,611.5704834,119.7874169,42.95213276,76.83528409
113,0,603.3173236,120.9316102,40.65886055,80.27274964
114,1,604.9534426,150.7387171,30.45518604,120.2835311
115,0,600.0588428,102.4602561,41.09834918,61.36190691
116,1,600.3956553,151.9638125,30.50869925,121.4551133
117,0,603.0509627,123.9536471,63.91163986,60.04200724
118,0,600.0642253,105.6128902,41.90976147,63.70312877
119,0,1478.12331,100.6204196,40.3379722,60.28244739
120,1,627.4849936,154.0081524,30.59788695,123.4102654
121,1,616.6890889,161.5193989,39.42233829,122.0970606
122,1,601.1447198,152.0852922,30.22001426,121.8652779
123,0,600.0289215,102.8235823,40.16443954,62.65914277
124,0,616.2722372,105.0568193,41.81014334,63.24667592
125,1,635.4171337,156.615417,34.89706924,121.7183478
126,1,602.213318,150.3210622,30.05139157,120.2696706
127,1,600.2891865,151.6027371,31.33170464,120.2710324
128,0,604.4782944,128.0587627,67.78974918,60.26901354
129,1,603.2659928,152.3563986,31.6860546,120.670344
130,0,600.1389948,105.1037372,43.75123147,61.35250573
131,1,600.2176726,151.5058055,31.0587445,120.447061
132,1,601.7317983,153.942678,30.37704528,123.5656327
133,1,611.9546294,150.9650512,30.19183385,120.7732173
134,0,884.5916759,100.4307583,40.36893534,60.06182293
135,1,600.061597,167.2118388,30.12911085,137.0827279
136,1,600.2391177,158.4737797,30.97144653,127.5023332
137,1,629.4222787,165.4967513,30.25502757,135.2417238
138,0,601.3095346,105.9816004,41.64045443,64.34114595
139,1,604.8723708,150.4635943,30.39419751,120.0693968
140,1,600.1108449,151.3165155,30.3950109,120.9215046
141,1,600.4350841,155.6694186,33.37484003,122.2945786
142,0,602.253493,104.7364376,42.81493893,61.92149866
143,1,600.0957477,183.0467485,60.05540215,122.9913463
144,0,620.7569025,103.3769803,41.08953397,62.28744632
145,0,600.0419176,100.1291631,40.06715744,60.06200562
146,0,608.1693517,101.1482233,40.23276145,60.91546181
147,1,601.5110941,153.2351988,32.61368965,120.6215092
148,0,600.0373506,101.9851682,40.82341841,61.16174984
149,1,671.1718187,154.2785342,34.16867555,120.1098587
150,0,601.5585552,105.1257068,44.37287396,60.75283289
151,1,600.3740208,178.5179002,55.92105901,122.5968412
152,1,604.2450988,151.9003606,31.53291044,120.3674502
153,0,600.6191518,101.2838832,40.89063163,60.39325153
154,1,600.4938316,152.304522,30.46663174,121.8378903
155,1,600.1810641,155.3916738,31.17714451,124.2145293
156,0,604.2651899,102.1229607,41.88351661,60.23944407
157,0,600.0689179,115.9636726,50.10808505,65.8555876
158,1,601.4445519,153.3467354,32.36972192,120.9770134
159,0,600.642807,112.757247,40.1338294,72.62341758
160,0,600.4255228,127.6283521,40.16627741,87.46207471
161,0,605.4402397,105.9907562,40.09609699,65.89465917
162,0,602.8636244,106.2408529,44.92434168,61.31651122
163,0,600.5328332,101.9027301,40.12093451,61.78179563
164,0,603.7172059,100.6039833,40.42120071,60.18278257
165,0,600.0160528,106.3954658,40.16373346,66.23173238
166,0,600.0901143,120.4765366,46.08453231,74.39200427
167,1,601.2368424,160.6992437,39.99219631,120.7070474
168,0,644.5946604,104.4328153,43.16657364,61.26624163
169,0,600.0548628,100.7433528,40.2442408,60.49911196
170,1,600.0178662,150.9123749,30.63853423,120.2738407
171,1,601.2407754,158.2729039,31.45225524,126.8206487
172,1,601.0273226,151.4580156,31.33626309,120.1217525
173,0,600.0288184,105.5042071,40.17346094,65.33074618
174,0,601.0000371,100.8472088,40.70551106,60.14169771
175,1,600.4974173,157.4753065,36.76479374,120.7105128
176,1,601.5429725,150.7388529,30.20652666,120.5323263
177,0,600.0687971,103.6233659,43.24730204,60.37606386
178,0,600.2326951,102.0175392,40.56740538,61.45013378
179,0,600.1835675,102.0724527,41.38568619,60.68676656
180,1,617.5485415,156.648012,32.45258526,124.1954267
181,1,600.2763968,154.9540662,31.22642055,123.7276457
182,1,600.3964803,173.3652451,40.16523253,133.2000126
183,0,600.0100916,105.9337134,40.11325987,65.82045349
184,1,601.1146539,152.1959603,31.5196486,120.6763117
185,1,600.2103275,171.1010455,32.88358684,138.2174587
186,1,609.1035613,151.0712408,30.97650703,120.0947337
187,1,612.0260804,154.0200342,30.36767519,123.652359
188,0,600.3853538,118.3175719,57.70649465,60.61107721
189,1,600.0236592,154.3142911,34.20129909,120.112992
190,0,600.4119343,109.44879,44.8924132,64.55637683
191,0,600.9920396,102.5796604,40.17839167,62.40126869
192,1,600.0971927,151.5247858,30.49726006,121.0275257
193,0,600.1875841,101.2176024,40.05054499,61.16705737
194,0,603.2164853,102.2637888,41.65517896,60.60860983
195,1,636.9269945,150.7068444,30.07278772,120.6340567
196,0,600.042012,100.7996665,40.0560344,60.74363215
197,0,600.2510734,102.5177352,42.31709875,60.20063648
198,0,600.0035853,101.4566471,40.09505961,61.36158748
199,0,607.1912357,101.0135442,40.51449284,60.49905133
200,1,604.8404581,154.6087652,31.73543317,122.873332
201,0,609.8616501,101.1825125,40.86284375,60.3196687
202,0,601.0559533,103.2358656,42.96973615,60.26612944
203,0,600.2600891,104.3690556,40.28248726,64.08656834
204,1,600.0062062,150.5550935,30.52436342,120.03073
205,0,604.8965173,100.8194222,40.14161203,60.67781018
206,1,621.0072088,153.0975352,30.12242519,122.97511
207,1,604.9279125,151.1160202,30.94559121,120.170429
208,1,600.2044882,151.5851977,30.54108887,121.0441089
209,0,600.1482573,104.5212366,42.46763084,62.05360578
210,0,600.7749345,100.2968961,40.20504297,60.09185311
211,0,600.849176,100.5640914,40.43892334,60.12516809
212,0,602.8683531,130.3458443,70.30357432,60.04227003
213,0,622.4037216,102.8165633,41.64819577,61.16836755
214,0,616.204904,102.5278553,42.00725565,60.52059961
215,0,602.4109458,103.4829406,40.22123196,63.26170862
216,0,600.0648653,120.0567454,60.01446792,60.04227751
217,0,600.118801,107.1048391,44.97758848,62.12725065
218,1,600.0527803,159.4954272,38.49114626,121.0042809
219,1,613.8569668,154.8122461,33.31567518,121.4965709
220,1,600.0165024,157.8750468,30.8578407,127.0172061
221,0,600.0822242,103.2424843,40.4238329,62.81865144
222,0,601.637143,102.6871004,40.28120803,62.40589241
223,1,608.5542811,152.8866832,31.82173061,121.0649526
224,0,602.5809874,106.4815312,40.38734095,66.09419024
225,0,605.630406,103.3383796,41.35557022,61.98280941
226,0,600.4351055,102.1906682,41.21784053,60.97282763
227,1,600.1727056,154.6475112,31.95895863,122.6885526
228,1,600.0136273,150.9203796,30.69733368,120.223046
229,1,600.8751163,154.9680916,31.35052787,123.6175637
230,1,627.8219436,150.7107207,30.29263291,120.4180878
231,0,601.5857906,100.9969625,40.24988916,60.74707334
232,0,633.4795189,101.4074155,40.61821176,60.78920375
233,0,603.0031123,100.9371419,40.2284132,60.70872867
234,0,601.7146345,101.4114523,41.38571651,60.02573579
235,1,600.12259,160.5754611,39.96143345,120.6140277
236,0,601.5412527,101.2974228,40.78746164,60.50996121
237,0,600.0851571,102.7166704,41.8941316,60.82253877
238,0,615.8346426,102.8788118,40.28976966,62.58904217
239,1,600.080679,153.9656847,33.27579787,120.6898869
240,0,600.2199372,100.9803806,40.91423998,60.06614062
241,0,621.9946252,100.6375881,40.0278717,60.60971641
242,0,600.1882761,101.9970831,41.95739875,60.03968438
243,0,616.4055447,103.2423116,42.65833457,60.58397708
244,0,600.6489767,102.1211652,42.0928007,60.02836454
245,1,600.3916327,153.0689696,30.96513966,122.1038299
246,1,600.4038102,154.3771184,32.34188166,122.0352368
247,1,609.0183,151.6946362,30.87670264,120.8179336
248,0,600.0234451,106.5089187,44.27420627,62.23471239
249,0,600.0241065,100.2785393,40.16134071,60.1171986
250,0,603.7381363,107.8107623,42.99419552,64.81656682
251,1,622.8570665,153.034895,31.99279593,121.0420991
252,0,782.3963086,104.7575731,42.89383308,61.86374003
253,0,607.8807525,106.552065,40.70312936,65.84893566
254,0,607.9933254,102.5083149,41.68982812,60.81848673
255,1,616.5543218,187.7040307,32.41955507,155.2844756
256,0,600.1715041,101.3389936,41.1000645,60.23892912
257,1,600.6519994,152.5657927,30.13378792,122.4320048
258,0,601.3989926,108.3110713,42.16807328,66.142998
259,0,600.8735666,100.5714622,40.41785024,60.15361198
260,0,643.0744037,100.2519435,40.13886003,60.11308343
261,1,621.4955069,152.928388,32.68465247,120.2437355
262,1,640.3763421,159.2509629,39.13237865,120.1185843
263,0,620.4050034,102.6085322,41.16974575,61.43878646
264,1,615.9727457,155.9641046,33.21941033,122.7446943
265,0,600.0235541,100.7313764,40.52602409,60.20535231
266,1,604.5939921,151.3447112,30.68337392,120.6613373
267,1,600.0105368,155.7403396,35.48649411,120.2538455
268,1,601.2147653,150.8572138,30.62372684,120.233487
269,1,603.3055514,153.1371584,32.81536664,120.3217917
270,0,600.1571613,100.7840186,40.41426225,60.36975636
271,1,637.0102517,152.0651008,31.36380039,120.7013004
272,0,602.2470864,132.7637386,72.40617504,60.35756352
273,0,600.4105693,110.8503424,44.69328659,66.15705577
274,0,603.9762643,120.1142758,59.97043619,60.14383961
275,0,603.0738714,112.4265581,51.72311592,60.70344214
276,1,621.6900436,153.5350313,32.65110365,120.8839277
277,1,611.1661462,153.2804399,30.17950145,123.1009384
278,0,649.6109465,102.7082733,42.15577606,60.55249726
279,1,600.4537178,151.2829902,31.05839,120.2246002
280,0,600.1009327,102.087189,40.25923405,61.82795494
281,1,649.060477,150.6949195,30.06519974,120.6297198
282,0,600.3683688,106.277182,40.08625485,66.19092712
283,0,603.0203981,100.8323766,40.68437741,60.14799917
284,0,607.0499681,105.1059106,43.82660723,61.27930338
285,0,600.0247445,100.4133381,40.03622893,60.37710912
286,1,603.6155402,171.4100682,35.79296771,135.6171005
287,1,600.1271369,150.2091801,30.06510272,120.1440774
288,0,600.1147678,104.6765259,40.60595956,64.07056633
289,0,1232.825444,110.2467725,45.65695362,64.58981889
290,0,600.018166,103.3377295,43.09723986,60.24048968
291,1,600.0972579,151.7032023,31.46653915,120.2366631
292,0,600.0168162,103.4140015,40.97826379,62.43573775
293,1,617.5167047,153.0154506,31.81010912,121.2053415
294,1,600.1126831,150.9499592,30.55621809,120.3937411
295,1,600.6743156,154.1278574,30.92194802,123.2059093
296,1,603.5958145,154.0483171,31.01137262,123.0369444
297,0,619.3353645,111.7046124,50.58145566,61.12315672
298,0,663.8516453,107.2372839,45.98962519,61.24765876
299,1,600.0273212,154.9606352,34.38645357,120.5741817
300,0,601.1967329,105.2994758,41.96004104,63.33943481
301,1,654.6338245,162.8363149,32.15837454,130.6779403
302,1,615.2656783,157.3654743,33.72418358,123.6412907
303,0,603.7579546,102.5427541,42.06057449,60.4821796
304,1,603.0031827,157.6484609,30.55044139,127.0980195
305,0,841.2888099,105.322402,44.25258831,61.06981371
306,1,620.7282042,153.7106924,32.30926754,121.4014248
307,0,600.2326255,100.6974193,40.48349205,60.21392721
308,1,600.7358404,152.9270499,30.57278647,122.3542634
309,0,600.061463,101.109215,40.24655256,60.86266246
310,0,600.5416843,100.1268169,40.10227515,60.02454171
311,1,600.4330106,152.9595748,30.61385569,122.3457191
312,0,600.0404917,110.2951245,43.68398323,66.61114122
313,1,607.3163347,160.1776304,39.34927578,120.8283547
314,1,607.8353144,155.4221287,32.50602301,122.9161057
315,0,687.5322025,104.1833476,43.6839593,60.49938831
316,0,611.460839,100.3962888,40.32357503,60.07271374
317,0,602.8012423,100.3491326,40.10631443,60.24281817
318,1,739.3994194,151.8063966,30.50137191,121.3050246
319,1,600.0927491,151.4503117,31.26751726,120.1827945
320,1,604.1366277,152.6440168,30.54166755,122.1023493
321,0,600.3312178,106.3279646,44.7177,61.61026459
322,0,600.0122152,106.1080433,41.84956219,64.25848107
323,0,600.0122214,100.549055,40.39444851,60.15460652
324,0,600.6075833,114.5283803,48.78184225,65.74653804
325,1,603.2763556,150.8777015,30.36435827,120.5133432
326,0,602.4595747,100.218421,40.1606119,60.05780905
327,0,600.7182617,102.4378521,41.42568833,61.01216377
328,1,601.3535031,154.2953046,31.93449494,122.3608096
329,1,600.9089324,157.2621571,30.07903086,127.1831263
330,0,600.1127858,101.4804478,40.90468515,60.57576262
331,1,600.1363174,152.6137153,30.06893688,122.5447785
332,0,602.2449372,103.4756761,41.26288811,62.21278798
333,0,662.811978,101.7172152,40.73550893,60.98170628
334,1,601.1727781,178.1311623,30.43202096,147.6991414
335,0,879.3523019,101.0849743,40.20211951,60.88285475
336,0,600.0944515,101.3506051,40.78800677,60.56259831
337,1,602.3583095,150.5485701,30.20960564,120.3389645
338,1,601.5845475,160.9801571,39.9531849,121.0269722
339,1,600.5491428,153.5951667,32.81073539,120.7844313
340,1,608.4107789,164.8065516,44.5606444,120.2459072
341,0,600.0419028,102.1563692,41.85782017,60.298549
342,0,600.6892613,108.4632796,43.29708551,65.16619412
343,1,601.060348,209.7639166,87.66704784,122.0968688
344,0,608.5984469,100.4312104,40.07892467,60.35228572
345,0,600.1355811,101.2781627,40.04313726,61.23502542
346,0,600.0008323,100.9124344,40.20887199,60.70356237
347,0,614.5940609,105.1683942,44.57074571,60.59764849
348,0,611.4197759,100.8077735,40.12110593,60.68666759
349,0,613.938279,112.9663721,52.43052034,60.53585179
350,0,600.5924361,109.5662623,47.3793367,62.18692557
351,1,600.0017735,184.2555342,64.13003123,120.125503
352,0,602.2500523,101.4727635,40.04627976,61.42648371
353,0,645.744764,105.5658062,40.25785458,65.30795163
354,0,600.2900901,104.2250971,43.40583213,60.81926502
355,0,600.1533854,101.8734198,40.85701257,61.01640718
356,0,600.9091442,103.9774803,43.79872769,60.17875256
357,0,601.4685095,107.001083,40.19448051,66.80660253
358,0,600.4969763,104.0898518,42.00673415,62.08311767
359,0,606.339517,101.4885406,41.22204922,60.26649136
360,1,622.2284162,154.3289287,31.1972601,123.1316686
361,0,600.1424086,107.1407808,46.73382151,60.40695933
362,1,601.9398758,157.201029,30.45364818,126.7473808
363,0,601.1593521,109.9535248,41.69469289,68.25883194
364,0,600.057867,105.6127137,40.14865052,65.46406318
365,0,633.5522684,106.2989679,40.7898459,65.50912198
366,0,602.7941685,105.1075679,40.08236189,65.02520599
367,1,616.987594,151.3988394,30.37057265,121.0282668
368,1,600.2570708,151.1950697,31.129749,120.0653207
369,1,600.5875585,154.392388,34.0598811,120.3325069
370,1,600.5502872,155.475343,30.63737104,124.837972
371,1,604.3584556,151.3770587,31.09211557,120.2849431
372,1,601.8142666,155.4138215,35.04151876,120.3723028
373,0,630.6142116,110.3748961,40.09251639,70.2823797
374,0,600.4454675,101.3054047,40.97691671,60.32848802
375,0,600.5977955,103.8282034,40.95641817,62.8717852
376,0,600.1387238,118.7612004,45.31470632,73.44649409
377,1,600.4713518,152.7141328,30.93825407,121.7758787
378,0,600.3689777,104.7139557,40.26749471,64.44646104
379,0,692.2277227,101.2354666,40.05870556,61.17676106
380,1,600.0614702,151.790143,30.38301762,121.4071254
381,1,613.3535007,204.77198,35.90187338,168.8701066
382,0,618.8014963,118.9460589,58.83194712,60.11411182
383,1,600.1143345,160.0915174,38.41781681,121.6737006
384,1,600.1586731,150.414487,30.28504143,120.1294456
385,1,600.3983259,160.8324644,31.04640941,129.786055
386,1,604.8105427,155.385933,34.44487361,120.9410593
387,0,600.3523946,101.1080283,40.51931604,60.58871222
388,0,600.0645691,103.1953086,40.25206293,62.94324563
389,1,617.6736425,172.8436582,30.91289648,141.9307617
390,0,601.3171766,100.3091284,40.24243784,60.06669059
391,0,600.0529669,100.0982301,40.08421771,60.0140124
392,1,608.1272358,151.1033345,30.26623634,120.8370981
393,1,600.6509789,159.0293566,38.99926231,120.0300943
394,0,601.4377847,106.719127,43.32790433,63.39122266
395,0,600.3011243,102.3588204,41.56934376,60.78947665
396,1,608.8137597,150.9245097,30.77781436,120.1466954
397,0,600.161053,101.0697008,40.49411235,60.57558843
398,1,600.5922804,155.5606769,30.84374978,124.7169271
399,1,614.3532871,151.9464454,31.4582746,120.4881708
400,1,640.178544,167.4611119,45.66861543,121.7924965
401,1,600.1771798,157.6791967,31.21858927,126.4606074
402,0,602.3246678,102.0666416,40.87640002,61.19024159
403,1,600.0352026,180.2141933,31.87277545,148.3414178
404,1,600.2787431,157.2171065,35.49653048,121.720576
405,1,606.9237318,161.9731009,41.58505634,120.3880445
406,0,600.0416336,113.8541244,42.02969973,71.82442472
407,1,601.1704856,152.0724301,30.32056725,121.7518629
408,1,601.357313,152.0419208,31.943237,120.0986838
409,0,604.7752995,101.4076805,40.94297737,60.46470315
410,0,600.1222224,105.9588591,40.35726401,65.60159514
411,0,600.2439997,100.4655613,40.1253895,60.34017177
412,0,613.9833686,117.1070384,43.55233075,73.55470761
413,0,600.3239664,104.6418932,43.14825687,61.49363631
414,0,601.6007689,101.4365487,40.99865817,60.43789054
415,0,613.2180089,102.1397789,40.34039417,61.79938471
416,1,600.2498942,158.0106288,30.66684846,127.3437803
417,1,601.3459818,150.5281265,30.22765562,120.3004709
418,0,600.790794,103.1476729,40.42674821,62.7209247
419,1,600.0396743,153.2778437,30.84871365,122.42913
420,1,600.3714198,152.316555,31.11287869,121.2036763
421,0,666.8158471,101.404604,40.90470854,60.49989543
422,0,630.4987245,102.7586486,42.40284924,60.35579936
423,1,600.9965919,150.9538847,30.03102857,120.9228562
424,0,600.014898,124.5403977,64.11683759,60.42356015
425,1,607.278443,166.8861197,45.50811784,121.3780018
426,0,600.0652751,103.645719,41.9302187,61.71550034
427,1,600.4600197,180.5513135,30.12109991,150.4302136
428,1,600.0868444,153.7517866,33.23516117,120.5166255
429,0,600.8064777,100.6485197,40.02878079,60.6197389
430,1,600.9185639,159.2834511,38.48805751,120.7953935
431,0,600.1364328,104.9145831,44.09407702,60.82050609
432,1,603.4234253,152.0878938,30.1350321,121.9528617
433,1,600.0745093,182.1494547,32.93528663,149.214168
434,1,603.0219617,152.1881456,30.87460297,121.3135426
435,1,600.1308146,151.963785,31.2976715,120.6661136
436,0,602.2367528,101.6662887,40.7203806,60.94590813
437,0,601.8369435,109.7512595,41.50661828,68.24464125
438,0,600.0195437,105.5740948,44.90379841,60.67029637
439,1,600.5233543,150.4534015,30.31031318,120.1430883
440,0,600.0752761,100.6987298,40.01041443,60.68831534
441,1,600.160397,161.875625,41.70751063,120.1681144
442,1,602.9261294,150.6767685,30.04793628,120.6288322
443,0,600.1445345,104.4066837,41.98660686,62.42007687
444,0,603.922537,101.1431632,41.06313591,60.08002724
445,0,600.3405265,102.1521566,41.70101805,60.45113857
446,0,607.6952626,106.7929655,45.81768107,60.97528442
447,1,607.5587916,152.3449539,31.01571666,121.3292373
448,0,635.6956471,109.5251203,41.97649566,67.54862463
449,0,7946.185246,106.243436,40.23610608,66.00732989
450,0,601.7927631,101.8073816,41.41292949,60.39445209
451,0,604.9991505,101.6567536,40.88784528,60.76890835
452,1,611.919595,152.8735373,32.78901346,120.0845238
453,0,636.6757515,103.3094181,43.17382674,60.1355914
454,1,615.1634296,150.8058275,30.58591395,120.2199135
455,1,600.0385511,151.555736,30.14900401,121.406732
456,1,601.2299428,150.4770349,30.17123895,120.3057959
457,0,611.0660214,104.4049432,40.2865129,64.11843032
458,1,628.327522,153.1031341,31.42212973,121.6810044
459,1,600.4618589,158.0598592,30.32567822,127.734181
460,1,601.3248932,156.4103228,31.16552504,125.2447978
461,0,600.0067145,107.0566232,45.89150386,61.16511934
462,1,600.0836825,151.126235,30.49012165,120.6361134
463,0,718.138019,102.8165002,42.71276966,60.1037305
464,0,600.0788338,102.9555238,40.74437848,62.21114529
465,0,616.6000644,101.4028711,40.57972272,60.82314833
466,1,600.2587224,152.1250943,30.49454323,121.6305511
467,1,600.7911899,151.8033717,31.0798835,120.7234882
468,0,600.8484054,110.1996809,40.48143123,69.71824967
469,0,600.2208399,107.7151482,44.8947325,62.82041573
470,0,600.040064,103.6376183,40.96173175,62.67588654
471,1,613.3980532,152.9282351,32.65098627,120.2772488
472,1,600.0918702,161.7028028,41.04482916,120.6579736
473,0,600.6323994,102.4733231,42.14493483,60.32838829
474,0,600.6250508,103.3064029,40.09650458,63.20989831
475,0,613.546913,100.7945578,40.14655516,60.64800263
476,0,600.2942445,103.284269,40.56770192,62.71656709
477,1,603.8200251,153.8058894,33.75029619,120.0555932
478,0,601.1421227,101.9239528,40.62036079,61.303592
479,1,600.5281611,150.8344614,30.6408742,120.1935872
480,1,604.7183247,153.1848458,31.95228179,121.232564
481,1,600.0213474,153.9627654,31.0711987,122.8915667
482,1,600.9990667,151.459797,31.02856935,120.4312277
483,1,600.449271,151.7131154,30.72086581,120.9922496
484,0,602.5434361,105.3557353,45.20460299,60.15113229
485,0,600.0739411,101.2359681,40.88573659,60.35023155
486,0,602.9352592,101.6915943,41.63165283,60.05994152
487,0,600.1169747,102.8931027,42.09813454,60.79496811
488,0,600.6620416,102.2292901,41.62411256,60.60517755
489,0,603.2257279,105.9579381,41.56509754,64.39284053
490,1,602.0139012,152.1872479,30.20562319,121.9816247
491,0,600.1379238,131.3403954,70.36883647,60.97155897
492,0,600.0019073,104.3801018,42.16771451,62.2123873
493,1,613.0963969,150.4692162,30.15895645,120.3102598
494,0,602.8382533,112.8204737,51.52652823,61.29394546
495,1,603.5975462,150.7933591,30.70386523,120.0894939
496,1,605.2121888,159.1516051,39.07055815,120.081047
497,0,710.9982119,108.3401757,44.22873961,64.11143613
498,1,601.7428317,151.7795104,30.65273285,121.1267775
499,1,601.8683808,159.3987171,31.09167917,128.3070379
500,1,601.460302,151.0805768,30.30607969,120.7744971
501,1,600.3187044,150.1827506,30.05595968,120.126791
502,1,600.8414899,150.5273955,30.26792973,120.2594658
503,0,600.4730928,111.2218298,41.09310851,70.12872131
504,1,600.3190954,150.6532009,30.58789762,120.0653032
505,1,605.6769116,153.2842623,32.99834378,120.2859185
506,1,601.4246824,157.4647941,30.62163988,126.8431542
507,0,600.1051975,100.9715359,40.17936154,60.79217432
508,0,600.7939179,100.3441907,40.2758035,60.06838723
509,1,600.0267883,150.6665254,30.02803323,120.6384922
510,0,600.1554769,105.638627,43.68352523,61.95510181
511,0,603.0542493,107.0853898,42.12758716,64.95780261
512,1,607.6881885,151.6683156,31.44077806,120.2275375
513,0,606.4443407,117.4086243,41.19881634,76.20980793
514,1,602.9995612,152.7919313,31.81253992,120.9793913
515,0,604.5186518,102.7206222,40.3848583,62.33576393
516,1,712.0035999,150.5406219,30.13545093,120.405171
517,0,600.1907171,107.9601908,41.08660781,66.87358295
518,0,602.7331184,107.8926779,40.47381889,67.41885903
519,0,707.6446394,102.4251386,41.99108358,60.43405503
520,0,600.0227053,103.1373536,42.79604795,60.34130569
521,0,601.2595876,100.4910995,40.17081077,60.32028869
522,1,601.2302102,160.6110907,30.09647408,130.5146166
523,1,600.3426147,158.9590262,36.72636247,122.2326637
524,1,600.0279424,151.53545,30.16639829,121.3690517
525,1,602.4872828,154.6081001,30.17672531,124.4313748
526,0,601.1154213,101.4492009,41.00250406,60.44669681
527,0,600.0331959,100.7978447,40.12903731,60.66880735
528,0,600.0816245,105.7765481,41.74757575,64.02897232
529,1,601.602606,150.4184327,30.32185431,120.0965784
530,0,611.8206581,109.9854564,47.33461422,62.65084219
531,1,600.2926616,150.2004476,30.096855,120.1035926
532,0,603.22316,103.2509276,42.97784472,60.27308292
533,1,600.0596679,152.2297552,30.54515722,121.684598
534,1,600.4117258,173.8020781,53.04564608,120.7564321
535,0,601.9911549,102.9567526,40.51425906,62.44249351
536,1,601.3834417,150.4034429,30.2079837,120.1954592
537,0,600.0144153,100.9869423,40.42087434,60.56606795
538,0,601.306706,101.8959051,41.07775362,60.81815152
539,0,729.6655855,102.2723028,40.71828985,61.554013
540,1,600.1457056,150.6672959,30.36664981,120.3006461
541,1,668.8006495,182.6357476,30.86326842,151.7724792
542,1,604.037632,151.4814932,31.26335429,120.2181389
543,0,775.1932515,100.2681523,40.02492955,60.2432228
544,0,601.0098027,100.9447053,40.09315904,60.8515463
545,1,625.3035881,150.2656198,30.08238939,120.1832304
546,0,628.9586409,103.8626126,43.40322477,60.4593878
547,0,601.6789572,102.2829392,40.66842988,61.61450932
548,1,689.5220177,153.1827047,30.72616202,122.4565427
549,0,600.2988861,111.2885632,48.95094325,62.33761994
550,1,600.0334663,150.4816276,30.18702649,120.2946011
551,1,610.8501703,176.9844426,55.18031432,121.8041283
552,1,686.2443597,151.4682329,30.68361699,120.7846159
553,1,600.5728271,150.3826759,30.11174282,120.270933
554,0,640.1372381,100.3873172,40.25860542,60.12871178
555,1,601.196123,152.4704499,30.64677658,121.8236734
556,0,607.2134485,102.4111293,42.28204307,60.12908628
557,0,603.7391274,142.9439694,40.70743466,102.2365347
558,1,606.0586956,150.5477252,30.2639405,120.2837847
559,0,602.0831169,104.3803807,40.19610647,64.18427426
560,0,600.8024229,109.2959376,42.76833226,66.5276053
561,0,604.5172221,105.7769662,40.83074733,64.94621892
562,0,600.0145548,107.2343431,41.54176322,65.69257988
563,1,615.5146875,157.5165103,30.77704292,126.7394674
564,0,706.273146,104.1275995,40.10868384,64.01891564
565,1,600.1002668,155.6297803,34.46513788,121.1646425
566,0,602.4126784,103.494023,41.18539538,62.30862765
567,0,600.0197699,111.9416599,49.93770715,62.00395278
568,1,600.0749043,163.8489024,43.47771256,120.3711898
569,1,600.1090765,153.0616682,31.24238626,121.8192819
570,1,600.178877,150.8354492,30.69441329,120.1410359
571,1,600.9715835,150.5368597,30.02248419,120.5143756
572,0,606.7253898,101.1379364,40.97689612,60.16104028
573,1,600.2598842,151.0804845,30.79675806,120.2837264
574,0,605.5170556,109.122253,48.76020467,60.36204832
575,0,600.375271,127.3505608,40.39790135,86.95265942
576,1,600.1808221,155.4239222,35.24699343,120.1769288
577,1,600.6339355,151.0445793,30.33996132,120.7046179
578,1,600.2788318,151.1071031,30.54978368,120.5573195
579,1,600.1025798,152.5727323,31.52868673,121.0440456
580,0,600.1219498,103.3965415,43.31943395,60.07710751
581,1,600.097668,151.2175518,30.78675026,120.4308016
582,0,600.0395417,105.1896488,45.00860471,60.18104413
583,0,600.8494414,116.3222181,51.15370259,65.16851551
584,1,630.7392527,151.9783685,30.69411138,121.2842571
585,1,600.1017722,155.9783002,30.17322925,125.8050709
586,1,600.6850187,153.6944112,30.88699646,122.8074147
587,0,659.5937083,114.3447303,44.6341954,69.71053488
588,1,600.4621688,150.7955888,30.41042095,120.3851679
589,0,609.9493144,101.2511106,41.0765422,60.17456841
590,0,607.0067347,102.952281,42.42538245,60.52689858
591,1,600.0080677,151.9964728,30.65450507,121.3419677
592,0,600.2109077,100.5869994,40.36287901,60.22412044
593,1,600.1815654,152.901248,30.72805052,122.1731975
594,0,603.1999453,103.9101508,43.54506963,60.36508121
595,1,625.3030915,151.859903,30.10401092,121.7558921
596,1,609.6225759,150.7889664,30.25284927,120.5361172
597,1,602.6914238,156.0164814,30.32196941,125.694512
598,0,600.0122419,100.3968699,40.11996,60.27690994
599,0,604.6456695,101.1586986,40.34659781,60.81210077
600,1,600.0741641,202.8462191,82.45016038,120.3960587
601,1,600.0632307,151.641072,30.15371046,121.4873615
602,1,600.1548444,153.4917929,30.10918974,123.3826032
603,1,600.1826254,152.5457585,30.18232992,122.3634286
604,0,621.2048994,100.8755062,40.47604329,60.39946294
605,0,600.2270258,104.1424726,40.12210617,64.02036645
606,1,768.1227234,155.5300484,33.53743255,121.9926158
607,0,608.8414915,101.8980436,40.77441408,61.12362957
608,1,600.3468983,150.4044404,30.10052896,120.3039114
609,1,600.0935114,153.4523772,30.34595526,123.1064219
610,0,601.85361,100.7914567,40.68447223,60.10698452
611,1,600.6812351,151.200477,31.14698123,120.0534958
612,1,2218.393121,155.2662044,34.75887673,120.5073277
613,0,600.0530098,100.8651099,40.73675284,60.12835708
614,0,613.2022059,101.6490944,40.09060607,61.55848832
615,1,600.3270625,163.3430608,31.92466994,131.4183909
616,1,1141.268045,150.8967664,30.44497504,120.4517914
617,0,602.3472139,100.869558,40.18963953,60.67991847
618,0,601.0248803,108.5853492,45.50071448,63.08463474
619,0,601.729082,100.2978254,40.21186297,60.08596239
620,0,620.5103681,105.8888754,45.78836373,60.10051165
621,1,600.6788807,166.4635741,30.79221926,135.6713548
622,0,615.735834,104.6051856,44.15192453,60.45326112
623,1,679.1436611,153.707427,32.99198898,120.715438
624,1,601.6799339,157.8362059,30.74013474,127.0960712
625,1,607.0522193,173.3156887,50.12779415,123.1878946
626,0,600.230544,102.4292286,42.36702618,60.06220245
627,0,600.0116962,106.1412239,40.36884151,65.77238242
628,1,601.400017,151.2198984,30.72706527,120.4928331
629,0,600.3809164,101.0587992,40.75213967,60.30665955
630,1,609.8786156,157.4574041,37.37631338,120.0810908
631,0,608.9389832,107.0278014,46.97570375,60.05209764
632,0,600.1931365,111.0480758,49.90805224,61.14002352
633,1,600.0411091,171.6731767,48.12170961,123.5514671
634,1,603.476777,151.6825345,31.60594381,120.0765907
635,1,600.159817,151.2328551,31.13876499,120.0940901
636,1,601.0671857,158.4582269,34.8324351,123.6257918
637,1,600.9361908,154.2429921,32.60863544,121.6343567
638,1,600.1267152,154.7658996,32.70344065,122.0624589
639,1,600.1322224,151.0842982,30.80953876,120.2747595
640,0,608.0090244,107.6401615,47.14271216,60.49744932
641,0,625.0693472,102.572337,42.44773303,60.124604
642,0,600.0379408,106.9537481,44.85473698,62.09901109
643,0,600.2199437,101.3526035,40.84174472,60.51085877
644,0,600.4736145,101.2783367,40.99690478,60.28143197
645,1,603.7046395,153.0820324,30.25792916,122.8241033
646,0,740.190885,104.076412,43.6410601,60.43535194
647,1,600.2267115,153.4950527,30.14921811,123.3458346
648,0,601.747487,100.7283201,40.13127947,60.59704064
649,0,600.1243761,108.0229269,46.73378471,61.28914223
650,0,627.3507658,101.5400175,40.01709227,61.52292518
651,1,601.0635583,155.410377,32.47603899,122.934338
652,1,605.4685853,150.71519,30.16527476,120.5499153
653,0,600.2471484,109.5658629,44.89189233,64.67397061
654,0,801.7384443,103.7981867,41.57199179,62.22619494
655,1,608.9161343,170.7147511,31.12380258,139.5909486
656,0,601.855154,102.4895201,42.32440388,60.16511624
657,0,641.5658921,101.9845036,41.44747889,60.53702473
658,0,607.6535288,102.415926,40.44854198,61.96738399
659,1,600.220623,150.8474647,30.17289206,120.6745727
660,1,600.4688567,155.8526999,31.23156616,124.6211338
661,0,600.032924,100.988177,40.46667842,60.52149858
662,1,601.8538042,153.1267976,32.52263468,120.6041629
663,0,600.4743236,100.9118215,40.1908377,60.72098383
664,0,604.7109913,100.9297449,40.08781637,60.84192848
665,1,600.6964995,153.1063725,31.9611935,121.145179
666,1,601.5285296,157.5905501,37.44618474,120.1443654
667,1,606.7165796,152.0112397,31.49848292,120.5127568
668,1,600.9347764,155.5442108,30.64343174,124.900779
669,0,600.8276401,112.0232393,40.97085895,71.05238033
670,1,600.0101258,157.4383214,35.89172373,121.5465976
671,0,600.1148637,100.5293312,40.43004614,60.09928504
672,0,601.0550232,109.6535595,41.09199534,68.56156413
673,0,623.7303956,106.5250094,40.93274918,65.59226027
674,0,600.193499,102.0868266,41.1407181,60.94610851
675,1,606.5735765,156.8904298,35.09358341,121.7968464
676,1,602.8413943,157.2381774,31.93592806,125.3022494
677,1,600.0049817,154.834344,31.2429882,123.5913558
678,0,601.3214643,105.7002291,40.09334952,65.60687959
679,0,600.5188636,101.0550092,40.92757005,60.12743919
680,1,600.8806677,152.5644947,32.42945363,120.1350411
681,1,632.051717,152.2093427,31.5949505,120.6143922
682,1,600.0107188,150.4919009,30.2411844,120.2507165
683,1,607.1346484,154.4047345,30.37738064,124.0273539
684,1,600.0210106,153.2270985,30.3475617,122.8795368
685,1,603.722039,151.1409641,30.22568968,120.9152744
686,0,612.0884118,104.3608215,44.03164582,60.32917564
687,0,603.3127914,104.0289857,43.94752187,60.0814638
688,0,600.6381511,103.8623938,43.46340095,60.39899283
689,0,828.802966,100.5159048,40.40776203,60.10814279
690,1,600.6153675,151.1266217,30.78299409,120.3436276
691,1,600.0894498,152.6079924,31.94811828,120.6598741
692,1,735.2689664,154.9057247,33.91650806,120.9892167
693,1,605.4142094,153.0936059,30.95749142,122.1361145
694,1,600.0161732,156.9565159,30.6128988,126.3436171
695,0,600.5218004,101.5454979,40.0310848,61.5144131
696,0,600.0939328,100.7806812,40.73780987,60.04287134
697,1,624.0087558,150.6079168,30.3084235,120.2994933
698,1,600.2560914,155.3012212,31.96070927,123.3405119
699,0,605.475322,101.2673207,40.50127414,60.76604658
700,0,600.8529403,102.9890446,42.51251968,60.47652497
701,1,600.8177953,155.0558692,30.70584102,124.3500281
702,1,603.1521307,151.1565345,30.29655974,120.8599748
703,0,600.4303447,104.3303824,40.04044251,64.28993992
704,1,600.512741,150.8975825,30.26979295,120.6277895
705,1,601.0027255,154.5183738,31.84726283,122.6711109
706,1,600.0818431,151.0662863,30.49813626,120.56815
707,1,600.0030463,153.8738336,31.72318966,122.1506439
708,0,600.0750913,101.9468148,40.02293748,61.92387737
709,0,662.1780989,102.073186,41.22990638,60.84327958
710,1,623.2004539,158.1649623,30.70825981,127.4567024
711,1,618.8461467,151.6047507,30.63699639,120.9677543
712,1,600.5455247,156.7627863,35.01255704,121.7502293
713,0,601.6333884,105.9685436,41.65142649,64.31711713
714,1,600.0324814,153.2196171,31.31736892,121.9022482
715,0,603.4730454,121.2022258,60.53646265,60.66576319
716,1,600.0150356,150.8405669,30.72944135,120.1111256
717,1,600.1789573,158.2452573,32.86872528,125.376532
718,1,600.7023794,150.6384407,30.59500181,120.0434389
719,0,603.4166637,102.8877373,40.44719527,62.44054202
720,1,600.8573401,153.7289,33.56909373,120.1598063
721,1,600.4918533,151.7039784,30.80078209,120.9031963
722,0,600.8759493,101.2179981,40.33565919,60.88233893
723,0,600.0120704,100.6822425,40.61242184,60.0698207
724,0,600.0318151,101.1365371,40.7599956,60.37654148
725,1,600.1467262,152.2117049,32.06464915,120.1470558
726,0,600.1642946,101.2213974,41.02142452,60.19997291
727,0,600.5235272,101.9377256,41.20353099,60.73419459
728,0,604.0815877,116.2303742,55.73955576,60.49081839
729,0,600.8163584,103.087432,40.07092813,63.01650382
730,1,600.0872903,150.7989596,30.58183599,120.2171236
731,0,602.1050689,101.1623896,40.85509356,60.30729609
732,1,606.0607347,151.1851145,30.12706797,121.0580465
733,1,600.0533205,199.2395982,79.17791308,120.0616851
734,1,601.105822,151.2308181,30.45459467,120.7762235
735,1,648.1202626,155.369495,34.6792352,120.6902598
736,0,600.0613644,100.6871307,40.44821658,60.23891408
737,0,603.3027793,100.7530981,40.31526431,60.43783381
738,0,600.1523638,100.3078597,40.22260361,60.08525605
739,1,600.0635348,150.5151123,30.20547818,120.3096341
740,0,601.3291784,100.5716006,40.01831828,60.55328236
741,1,692.0555274,153.744002,33.24943612,120.4945659
742,1,600.545398,150.8581972,30.52665451,120.3315427
743,0,600.0113008,101.3530625,41.31325446,60.03980806
744,0,600.0902947,101.8612653,40.64066994,61.22059532
745,0,600.1514482,101.5231458,41.36474199,60.15840382
746,1,600.3796736,150.9448646,30.25517398,120.6896906
747,1,600.2539305,151.7877909,30.71545273,121.0723381
748,1,600.3482497,153.8826532,32.05373055,121.8289226
749,1,615.5411992,152.798515,31.95336581,120.8451492
750,0,613.7636723,101.3486868,40.92166119,60.42702566
751,0,600.2448295,100.3119695,40.08625995,60.2257095
752,1,602.1438282,157.2505867,32.49627425,124.7543124
753,1,619.5576423,153.7013058,32.60738962,121.0939162
754,0,602.3065542,113.0439237,52.86557387,60.17834978
755,1,601.073369,150.1408009,30.08034416,120.0604567
756,0,625.8861139,103.5821995,41.58212006,62.00007947
757,0,600.2879118,102.3703607,40.83343791,61.53692274
758,1,600.2469838,161.513443,36.44604915,125.0673939
759,0,602.8614045,106.4500392,41.31019585,65.13984336
760,1,600.086285,179.7205943,30.15688392,149.5637104
761,1,600.6676716,150.4973004,30.35223055,120.1450699
762,0,643.5721515,102.4731764,42.31295595,60.16022046
763,1,932.0445008,150.3749822,30.26965873,120.1053234
764,1,601.3601089,150.4457271,30.03346278,120.4122643
765,0,601.3826457,119.4758609,56.31153676,63.16432409
766,1,600.0080941,153.523494,31.67444778,121.8490462
767,1,605.5013662,157.5596305,33.25323432,124.3063962
768,1,600.067055,150.4435292,30.31426325,120.1292659
769,1,600.7713475,151.595921,30.61314042,120.9827806
770,1,602.8841369,152.1055421,30.04212668,122.0634154
771,0,600.0442931,113.357459,52.09570835,61.26175068
772,1,682.8867801,159.2611558,33.07301537,126.1881404
773,1,602.8423153,150.5206943,30.23609666,120.2845977
774,0,635.1860737,103.9855251,41.44494549,62.54057965
775,1,600.2144819,153.6354839,32.37273966,121.2627443
776,0,600.1459882,102.0729002,40.22606369,61.84683652
777,0,747.1466694,100.3290406,40.23521631,60.09382427
778,1,601.3750247,156.009054,32.50032407,123.50873
779,0,602.6926801,104.9059644,41.94571997,62.96024442
780,1,659.4604407,154.571346,33.35333629,121.2180097
781,1,601.0037939,151.2806954,30.68669949,120.593996
782,1,602.4970592,161.1367323,30.49021854,130.6465138
783,1,605.1992116,155.1817428,34.43740073,120.7443421
784,0,600.0445303,103.918057,42.06583704,61.85222001
785,0,600.7074111,102.695345,42.25972565,60.43561931
786,1,600.155,150.8057949,30.03675789,120.769037
787,0,674.7104816,100.0854163,40.06440333,60.02101296
788,1,600.4244213,150.7224022,30.4948673,120.2275349
789,0,604.4314181,106.6274851,40.75391342,65.87357172
790,0,600.9005777,104.5071177,43.88048914,60.62662854
791,1,603.5321466,151.4989168,31.35433733,120.1445795
792,0,602.0023336,100.465722,40.36877615,60.09694583
793,0,603.6618655,101.9118031,40.21661065,61.69519248
794,1,600.3152986,184.8595511,64.64418758,120.2153635
795,1,601.0701143,202.0598657,33.88902206,168.1708436
796,1,600.1077798,158.3098626,32.01656207,126.2933005
797,1,600.3012552,159.5517916,34.46438735,125.0874043
798,0,609.4764077,102.0215058,40.81211741,61.20938842
799,1,602.2085691,150.38484,30.19886877,120.1859713
800,0,600.9401283,101.8862096,40.34308093,61.54312871
801,1,600.3978292,152.8075774,30.20309927,122.6044782
802,0,600.075103,149.7325063,88.86579633,60.86670999
803,1,617.3899909,150.4729114,30.1748539,120.2980575
804,1,600.8394061,161.4944905,30.33496409,131.1595264
805,1,601.4552021,153.8208196,31.96684835,121.8539712
806,0,652.7478943,101.1929961,40.64622583,60.5467703
807,1,600.6324104,151.2599208,30.07882394,121.1810968
808,1,610.6361629,154.110672,31.44340568,122.6672663
809,1,600.0098864,155.1848194,30.21393076,124.9708886
810,0,606.4572498,100.2014543,40.14215251,60.05930182
811,0,629.141349,100.3028063,40.18798643,60.1148199
812,0,600.3952482,108.3623069,46.36550915,61.99679774
813,0,605.126938,103.2443973,40.79113208,62.45326522
814,0,601.2277801,102.46038,42.19503237,60.26534765
815,1,600.7596309,152.1504039,30.43257401,121.7178299
816,0,602.5458408,100.9702825,40.89149777,60.07878473
817,0,611.1493886,101.2514156,40.75164164,60.49977392
818,1,606.4346907,171.4833306,46.82863364,124.6546969
819,1,600.348224,242.3577835,121.1543889,121.2033946
820,0,600.7091217,105.635549,42.52367782,63.11187114
821,0,600.0125439,100.4101718,40.1827583,60.22741352
822,0,602.7400775,101.7679297,40.53412039,61.23380933
823,1,605.5032889,151.0797746,30.98013848,120.0996361
824,1,600.3940154,152.6377725,31.59835778,121.0394147
825,1,600.6729386,150.4617614,30.24620778,120.2155536
826,0,600.6645879,102.0686181,41.99715591,60.07146217
827,0,601.1104093,102.5922965,42.32852926,60.26376725
828,0,601.4182631,119.6153253,40.61974881,78.99557653
829,0,683.6980518,102.3404933,41.86389776,60.47659553
830,1,877.2812625,150.5424268,30.06223951,120.4801873
831,0,600.2206954,101.5853934,41.13494349,60.45044995
832,1,608.4937684,153.2114671,32.8645522,120.3469149
833,0,632.9826537,100.7949171,40.48790513,60.30701201
834,0,600.4462598,101.441788,40.37882588,61.06296208
835,0,626.7637935,101.4743268,40.68800265,60.78632417
836,1,606.5536685,167.5579122,44.66820807,122.8897041
837,1,616.5263104,153.3259778,30.58340978,122.742568
838,1,836.1220144,152.7909946,30.84201837,121.9489763
839,1,602.0500055,150.9559103,30.13664241,120.8192679
840,1,606.9637814,155.8056527,34.3796522,121.4260005
841,1,606.9125069,155.802156,30.48562594,125.3165301
842,1,603.108848,160.89401,40.04611295,120.847897
843,1,600.0792496,151.2378585,30.17413279,121.0637257
844,0,630.8767277,102.1401864,42.07290534,60.06728108
845,1,608.9306695,150.2961222,30.08921316,120.206909
846,0,602.2118547,110.0378574,48.26782499,61.77003238
847,1,767.966162,151.6717784,31.56548898,120.1062894
848,1,600.37616,155.7393424,34.83269436,120.9066481
849,1,600.2348709,153.1402874,32.56117286,120.5791146
850,0,602.8329594,119.649604,56.09482111,63.55478289
851,1,600.0184459,170.4124023,48.49082964,121.9215727
852,0,600.6572035,100.6148954,40.16610839,60.44878702
853,1,601.1660966,156.8037956,32.68788937,124.1159063
854,1,634.5011351,151.8844687,30.3118327,121.572636
855,0,600.0656407,101.8185237,40.72853404,61.08998969
856,0,601.0581907,105.993969,40.13865223,65.85531677
857,1,600.0930854,152.6281381,31.07281173,121.5553263
858,0,612.5641327,105.6974204,40.12463749,65.5727829
859,1,603.1837403,151.1466318,30.35310978,120.793522
860,1,600.0113679,153.5847427,30.98681448,122.5979282
861,1,600.1743368,154.2544146,30.33414354,123.9202711
862,1,626.4331836,151.3793693,31.00935339,120.3700159
863,1,606.369553,155.1058697,34.45921678,120.6466529
864,1,600.8235026,150.6019018,30.49062546,120.1112763
865,0,602.631517,102.6412807,41.79215649,60.84912421
866,1,601.9452581,150.9866595,30.64623265,120.3404269
867,1,607.9523542,152.0996934,31.46032295,120.6393704
868,0,606.0582986,101.8658535,41.46250052,60.40335294
869,1,600.0570299,153.3208623,32.75362404,120.5672382
870,0,610.413072,101.9887275,41.53151977,60.45720776
871,1,600.565961,150.4834987,30.08788182,120.3956169
872,0,625.5219733,100.6562301,40.13658639,60.51964366
873,1,601.874847,163.7441094,36.00595077,127.7381587
874,0,600.6057213,100.5680687,40.32692676,60.24114198
875,1,600.056412,155.3641134,31.4984098,123.8657036
876,0,600.6260253,101.1553031,40.85440923,60.30089386
877,0,601.3542218,102.8226074,41.2356238,61.58698356
878,1,601.9438312,168.6857759,48.43077753,120.2549984
879,0,603.471333,100.3249361,40.12582274,60.19911338
880,0,601.2663731,109.1363354,47.18540065,61.95093476
881,1,607.3346887,152.5595325,31.81686972,120.7426627
882,0,619.698856,101.3958156,41.29143541,60.10438023
883,1,600.57997,153.3143893,30.34424921,122.9701401
884,1,603.463625,154.4988849,34.08208279,120.4168021
885,0,602.7664244,103.1358159,41.90124553,61.23457034
886,1,600.1704007,153.0373354,31.32016908,121.7171664
887,0,601.2418048,100.376492,40.21424824,60.16224372
888,0,600.6178427,104.3346957,43.97178451,60.36291123
889,0,620.2877664,111.1359921,40.60349742,70.53249468
890,1,600.7839503,153.1017364,30.5691377,122.5325987
891,1,602.0572923,155.7778152,35.66183592,120.1159793
892,1,603.044725,153.3162782,32.69262961,120.6236486
893,1,615.496002,150.600724,30.42123577,120.1794882
894,0,644.6312467,107.0703291,42.27918424,64.79114489
895,1,600.0026192,151.2647752,30.27505772,120.9897174
896,0,600.572308,103.7984807,43.1521742,60.6463065
897,1,600.8038023,154.8539008,30.29863378,124.555267
898,1,600.069545,155.3646932,30.06597229,125.2987209
899,0,609.1263743,112.9073455,52.87531219,60.03203331
900,0,604.3379212,103.2353899,40.56071689,62.67467305
901,0,600.0593086,103.2569911,42.70810413,60.54888702
902,1,600.1293065,153.0706104,30.18322796,122.8873824
903,1,601.2400441,151.0931243,30.81023248,120.2828919
904,1,600.058893,155.2607581,32.69624919,122.5645089
905,1,602.8133097,154.78327,34.51038128,120.2728888
906,1,600.0338614,154.3394717,32.73520924,121.6042624
907,1,600.3066056,152.5553497,32.39877082,120.1565789
908,0,639.9851302,101.8285475,40.70603509,61.12251242
909,0,1103.048691,124.6564596,41.77154067,82.88491895
910,0,605.3018835,109.2555926,43.08185877,66.17373386
911,1,609.2848333,153.9268306,30.13429957,123.7925311
912,1,675.6796641,150.9569125,30.74707624,120.2098363
913,1,602.8653263,157.494656,30.34897475,127.1456812
914,1,600.1274224,153.7538932,30.12891423,123.624979
915,1,600.4779503,156.3628882,35.9245245,120.4383637
916,1,600.2453206,156.0739383,35.46603765,120.6079006
917,1,600.0761503,151.0522616,30.65128516,120.4009764
918,0,600.0129312,103.821041,40.35775457,63.46328647
919,1,601.324832,155.2293269,34.95592077,120.2734061
920,1,600.4099009,151.6671469,31.06872012,120.5984268
921,1,601.6477891,150.5065032,30.3221811,120.1843221
922,0,600.041926,103.4759758,40.50617362,62.96980217
923,0,605.5184887,100.1468827,40.04218124,60.10470146
924,0,601.9811328,100.7539982,40.59535656,60.15864162
925,0,600.2748544,129.7154999,69.61545438,60.10004551
926,0,600.8413647,101.0061136,40.61844963,60.38766402
927,0,600.4876269,101.8160286,40.27670841,61.53932022
928,1,601.9358815,153.7714547,33.6419064,120.1295483
929,0,600.0530691,111.0080222,41.77535158,69.23267065
930,0,603.2769386,103.2576306,41.89429851,61.36333207
931,1,600.0818954,150.932125,30.42167065,120.5104544
932,0,609.6773375,101.7076256,40.61526318,61.09236246
933,0,621.7030352,103.9925474,42.13676346,61.85578394
934,0,600.3811299,101.4943009,40.19863788,61.29566304
935,0,608.9059765,104.207731,42.74339856,61.46433245
936,0,601.0933436,103.0119468,42.00491365,61.00703314
937,1,600.0054619,152.0069253,30.23923624,121.7676891
938,1,601.948772,152.3489854,31.50990557,120.8390798
939,0,600.1008494,100.9818759,40.27942449,60.70245142
940,0,600.0679626,101.2055886,41.10039145,60.10519714
941,1,629.9565695,157.6776807,31.41468366,126.262997
942,1,600.6122381,150.8029012,30.3907827,120.4121185
943,0,681.8243627,103.7256572,40.21016654,63.51549062
944,0,600.2930277,100.789738,40.37903372,60.41070427
945,0,600.6137595,107.2017461,40.53076751,66.67097862
946,1,600.8618628,150.9430495,30.68549749,120.257552
947,1,600.307615,150.904592,30.43590632,120.4686856
948,0,600.2466686,101.2347322,40.35511695,60.8796152
949,1,602.9629491,154.1530468,33.09138969,121.0616571
950,1,600.0746216,152.9798863,30.15777159,122.8221147
951,0,611.8581018,114.6365005,43.55569213,71.08080841
952,1,600.0073238,155.9654722,32.46481292,123.5006593
953,1,600.0439835,151.2333112,30.3772942,120.856017
954,0,600.0997,106.3662969,45.4889581,60.87733884
955,0,600.5227369,100.8513678,40.78638586,60.06498195
956,1,602.0531078,152.8642199,30.68077632,122.1834436
957,1,600.0133321,153.2334833,30.54849654,122.6849868
958,1,600.6188301,161.1919473,31.19659139,129.9953559
959,0,600.3232243,100.8208674,40.41966115,60.40120625
960,0,625.4223747,100.2074815,40.0541325,60.15334904
961,1,614.988663,151.2973946,30.21880882,121.0785857
962,0,602.4128734,101.5560913,41.2624882,60.29360314
963,0,600.0994213,110.5534354,50.38941124,60.16402419
964,1,600.0855925,153.2919502,32.99622156,120.2957286
965,0,600.2081741,104.9026779,44.07605826,60.82661965
966,0,612.7803983,103.9051363,42.01060002,61.89453633
967,0,622.0726158,105.7607697,43.55859592,62.20217382
968,1,601.4495861,162.2051105,38.67632366,123.5287868
969,0,600.0607712,101.0423561,40.21094055,60.83141559
970,1,602.9906602,150.2531304,30.08664141,120.166489
971,1,600.2082323,152.4830607,30.91968352,121.5633772
972,1,600.7793915,151.7274021,30.2281602,121.4992419
973,0,600.2092015,100.5580421,40.07660944,60.48143268
974,1,600.9694084,152.4360466,31.71453282,120.7215138
975,0,602.170649,100.907944,40.13923872,60.76870528
976,0,600.7729734,209.3915641,147.7544524,61.63711178
977,0,600.3906453,101.2415985,41.09049635,60.1511021
978,1,600.7519406,154.193502,32.99906782,121.1944342
979,1,600.0420813,160.0446716,33.12365588,126.9210157
980,0,600.205259,100.3156105,40.22816924,60.08744131
981,0,600.2657089,101.3071638,40.91563366,60.39153017
982,0,601.4818673,104.0466577,40.19801385,63.84864388
983,0,600.0137273,159.100587,41.82007089,117.2805161
984,1,600.0691803,153.7869795,33.29730619,120.4896733
985,0,601.1140763,103.9838361,40.81898396,63.16485218
986,1,600.3575008,150.1169788,30.02644677,120.0905321
987,1,603.3513982,154.028407,33.76751826,120.2608887
988,1,600.3628887,151.4813733,30.42842633,121.052947
989,0,600.8404842,109.9909128,49.91088401,60.08002883
990,0,601.3863403,104.0625616,41.60929373,62.45326783
991,1,600.0791889,161.1641491,30.4752772,130.6888719
992,1,600.3121887,150.3648209,30.28824931,120.0765716
993,0,600.5402172,110.2474407,41.32869528,68.91874542
994,1,600.0519895,150.351273,30.1680833,120.1831897
995,0,600.7052769,102.7636222,42.60153932,60.16208287
996,1,600.4110016,152.467245,32.30105888,120.1661862
997,0,601.7674086,102.5706389,41.33427177,61.23636713
998,1,600.2457701,155.2196187,34.66570623,120.5539124
999,0,600.3953065,101.1399796,40.22872915,60.9112505
1000,1,600.5651734,150.8962364,30.24683312,120.6494033
